실시일자,구분,중점 점검 주제,점검 리더,확인자
2026-05-18,주간 정기 TBM,"[W21] 
르노코리아그룹 함안부품센터 정기TBM (Tool Box Meeting) 공지

안녕하십니까. 신종일 부장입니다.
이번 주도 안전운행과 무사고를 위해 아래 안전보건 수칙을 철저히 숙지해 주시기 바랍니다.

1. 하절기 온열질환(열중증) 예방

최근 한낮 기온이 크게 오르고 있습니다.
작업 중 어지러움, 두통, 메스꺼움 등이 느껴지면 즉시 작업을 중단하고
그늘진 곳에서 휴식을 취해주십시오.
얼음물 준비는 6월부터 진행될 예정이오니,
그전까지는 센터 내 정수기를 이용하여 수시로 수분을 보충해 주시기 바랍니다.

2. 상하차 및 차량 안전점검

화물차 접안 시 반드시 바퀴 고임목(카스토퍼) 설치 상태를 확인 해 주십시오.
기온 상승에 대비해 타이어 마모 상태 및 공기압을 사전 점검해 주시기 바랍니다.

3. [업무 안내] 대리점 이관건 프로세스 변경 예고

대리점 간 이관품 분실 및 책임 공방을 방지하기 위해,
조만간 이관 물품에 대한 '이관서 서명 인수인계'가 의무화될 예정입니다.
(일반 클레임 회수와 동일 방식) _ 6월부터 시행 예정
세부 시행 일자는 확정되는 대로 재공지하겠으니 미리 인지해 주시기 바랍니다.",신종일 부장,한진미 대리
2026-05-26,주간 정기 TBM,"[W22] 
르노코리아그룹 함안부품센터 정기TBM (Tool Box Meeting) 공지

안녕하십니까, 신종일 부장입니다.
이번 주 TBM은 상.하차 작업 시 가장 많이 하는 행동으로 적재함 오르거나 내려올 때에
대해 TBM을 실시 하겠습니다.
아래 안전 수칙을 철저히 숙지하시어 단 한건의 부상도 없는 안전한 주간을 만들어 주시기 바랍니다.

1. 적재함 오르내릴 때 '3점 지지' 필수
- 적재함에 오르거나 내려올 때, 절대 뛰어내리지 마십시오. 무릎과 척추에 큰 충격을 줄 뿐만
  아니라 발헛디딤으로 인한 큰 부상으로 이어집니다.

- 손과 발 중 최소 3곳이 차량 몸체나 발판에 닿아 지지하는 '3점 지지(3-Point contact)'
  상태를 유지하며 안전하게 이동해 주십시오.

2. 상차 작업 중 발헛디딤 및 미끄러짐 주의
- 최근 날씨 변화 및 현장 여건에 따라 적재함 바닥에 빗물, 오일, 혹은 포장재 찌꺼기 등이 있으면 쉽게 미끄러질 수 있습니다. 작업 전 적재함 바닥 상태를 반드시 확인해 주십시오.
- 부품을 들고 이동할 때는 시야를 확보하고, 적재함 끝단(모서리) 부분에서는 발을 헛디디지 않도록 각별히 주의해 주시기 바랍니다.

3. 안전화 상시 착용
- 현장 및 적재함 내 미끄러짐을 방지하는 가장 첫 번째 방어선은 안전화입니다.
바닥 마모가 심한 안전화는 미리 교체해 주시고, 작업 중에는 반드시 안전화를 제대로 착용해 주십시오.",신종일 부장,한진미 대리
2026-06-01,주간 정기 TBM,"[W23]
르노코리아그룹 함안부품센터 정기TBM (Tool Box Meeting) 공지

안녕하십니까, 신종일 부장입니다.
본격적인 무더위가 시작되는 6월의 첫 주(W23)입니다.

이번 주 TBM은 하절기 현장 작업 시 가장 주의해야 할 '온열질환 예방'과
'화물차 안전 운행'을 주제로 실시하겠습니다.

아래 안전 수칙을 철저히 숙지하시어,
더위 속에서도 단 한 건의 안전사고 없는 쾌적한 주간을 만들어 주시기 바랍니다.

1. 온열질환 예방 핵심: 물, 그늘, 휴식
땀을 많이 흘리는 상하차 작업 전후로, 센터 내 비치된 시원한 얼음물과 정수기를 이용하여 수시로 수분을 섭취해 주십시오. (당장은 정수기 물 사용 부탁드립니다.)
_ 6월 2주차 부터 얼음물 준비 하겠습니다.

작업 중 두통, 어지러움, 메스꺼움 등의 초기 증상이 느껴지면 절대 무리하지 마시고
즉시 작업을 중단한 후 그늘에서 휴식을 취하셔야 합니다.

2. 화물차 하이패스 차로 진입 규정 준수
4.5톤 이상 화물차는 고속도로 톨게이트 진입 시 반드시 화물차 전용(측정) 차로를 이용해 주셔야 합니다. 하이패스 오진입으로 인한 급정거나 무리한 차선 변경은 대형 사고로 이어질 수 있으니 각별히 주의해 주십시오.

3. 센터 내 주·정차 시 '고임목' 필수 설치
르노 안전 순찰 대비 및 차량 밀림 사고 예방을 위해,
센터 내 대기 주차 시 예외 없이 바퀴에 고임목(카스토퍼)을 100% 설치해 주시기 바랍니다.",신종일 부장,한진미 대리
2026-06-08,주간 정기 TBM,"[W24]
르노코리아그룹 함안부품센터 정기TBM (Tool Box Meeting) 공지

안녕하십니까, 신종일 부장입니다.
어느덧 6월의 두 번째 주(W24)에 접어들었습니다.
본격적인 여름 더위와 함께 장마철이 다가오고 있는 만큼,
이번 주 TBM은 하절기 도로 및 현장에서 발생할 수 있는 위험 요인 예방을 주제로
실시하겠습니다.

아래 안전 수칙을 철저히 숙지하시어 이번 주도 안전하고 쾌적한 운행 부탁드립니다.

1. 빗길 수막현상 주의 및 타이어/와이퍼 점검

갑작스러운 우천 시 도로에 수막현상이 발생하여 제동 거리가 평소보다 1.5배 이상 길어집니다. 빗길 운행 시 반드시 20% 이상 감속 운행해 주십시오.
운행 전 타이어 마모 상태와 와이퍼 작동 여부를 필히 점검해 주시기 바랍니다.

2. 도크장 및 적재함 빗물 미끄러짐(전도) 주의

비가 오거나 습한 날씨에는 하역장 도크 바닥과 화물차 적재함 바닥이 매우 미끄럽습니다.
상하차 작업 시 절대 서두르지 마시고, 적재함을 오르내릴 때는 반드시 '3점 지지'를 유지하며 안전하게 이동해 주십시오.

3. 여름철 식곤증 및 졸음운전 예방

에어컨을 켠 채 창문을 닫고 장시간 운행하면 차량 내 이산화탄소 농도가 높아져 급격한 졸음이 몰려옵니다. 1시간마다 창문을 열어 환기해 주시고, 졸음이 올 때는 무조건 졸음쉼터나 휴게소에서 짧게라도 휴식을 취하십시오.

4. 지게차 청결 관리 리마인드

지난주 전 지게차 세차 및 먼지털이 비치 조치 이후, 자발적인 관리 덕분에 현장 장비가 아주 깨끗하게 유지되고 있습니다. 앞으로도 틈나실 때마다 내 차처럼 가볍게 먼지를 털어주시면 감사하겠습니다.",신종일 부장,한진미 대리
2026-06-15,주간 정기 TBM,"[W25]
르노코리아그룹 함안부품센터 정기TBM (Tool Box Meeting) 공지

안녕하십니까, 신종일 부장입니다.
본격적인 무더위가 기승을 부리는 6월의 셋째 주(W25)입니다.
더운 날씨에 체력이 떨어지면 집중력도 함께 저하되어 평소보다 아차사고 발생 확률이 높아집니다.
이번 주 TBM은 우리 현장의 가장 기본이자 핵심인 '지게차 안전'과 '근골격계 질환 예방'을
주제로 실시하겠습니다. 아래 수칙을 반드시 읽고 현장에서 실천해 주시기 바랍니다.

1. 지게차 사각지대 주의 및 사내 규정 속도 엄수

부품 적재 및 이동 시 화물에 시야가 가려지는 '사각지대'에서 충돌 사고가 가장 많이 발생합니다. 시야 확보가 어려울 때는 반드시 후진 주행을 원칙으로 해주십시오.
센터 내 지게차 및 화물차 이동 시 사내 규정 속도(10km/h 이하)를 절대 준수하고,
코너를 돌 때는 반드시 경적을 울려 주변 작업자에게 위치를 알려야 합니다.

2. 중량물 취급 시 올바른 자세 유지 (허리 부상 예방)

무거운 부품 박스를 들어 올릴 때는 허리를 숙이지 말고, 무릎을 굽혀 화물을 몸에 최대한 밀착시킨 상태에서 하체의 힘으로 일어나야 허리 디스크를 예방할 수 있습니다.
혼자 들기 버거운 중량물은 절대 무리하지 마시고, 반드시 동료와 함께 들거나 대차, 지게차 등 운반 보조 기구를 적극 활용해 주십시오.

3. 수분 섭취 및 적절한 휴식 리마인드

땀을 많이 흘린 후에는 센터 내 비치된 식염 포도당과 얼음물을 수시로 챙겨 드시고, 어지럼증이 느껴지면 즉시 그늘에서 쉬어야 합니다.",신종일 부장,한진미 대리
2026-06-22,주간 정기 TBM,"[W26]
르노코리아그룹 함안부품센터 정기TBM (Tool Box Meeting) 공지

안녕하십니까. 신종일 부장입니다.
어느덧 상반기를 마무리하는 6월의 마지막 주(W26)입니다.
본격적인 장마와 찜통더위가 교차하면서 불쾌지수가 높아지고 체력이 쉽게 방전될 수 있는
시기입니다. 이럴 때일수록 평소보다 한 템포 여유를 가지는 것이 사고를 예방하는 가장 확실한 방법입니다.
이번 주 TBM 핵심 안전 수칙을 안내해 드립니다. 필히 숙지해 주시기 바랍니다.

1. 장마철 윙바디 차량 관리 및 미끄러짐(전도) 주의

국지성 호우 시 윙(날개) 개폐 과정에서 빗물이 적재함 내부로 들이치거나 부품이 젖지 않도록 하역장 도크 접안 시 각별히 주의해 주십시오.

비에 젖은 적재함 바닥은 스케이트장처럼 미끄럽습니다.
화물차 승하차 및 내부 작업 시 반드시 '3점 지지'를 유지하며 천천히 이동해 주십시오.

2. 우천 시 지게차 제동거리 증가 및 충돌 예방

비가 오거나 습도가 높은 날에는 하역장 바닥에 물기가 스며들어 지게차의 제동거리가 평소보다 길어집니다.
평소보다 속도를 더욱 줄여 사내 규정 속도(10km/h 이하)를 철저히 지켜주시고, 빗물이나 땀으로 인해 시야가 좁아질 수 있으니 코너 진입 전 반드시 경적을 울려 보행자와 타 장비에 위치를 알려주십시오.

3. 온열질환 예방 수칙 생활화

사무실에서는 매일 가장 더운 시간대(13~15시)의 체감온도를 측정하며 현장 위험도를 철저히 관리하고 있습니다. 기사님들께서도 상하차 작업 시 무리하지 마시고, 센터에 비치된 식염 포도당과 시원한 물을 수시로 섭취해 주시기 바랍니다.

👇 아래 [투표]에 참여하셔야 이번 주 W26 TBM 안전교육 이수가 완료됩니다. (실명 투표 필수)",신종일 부장,한진미 대리
2026-06-29,주간 정기 TBM,"[W27]
르노코리아그룹 함안부품센터 정기TBM (Tool Box Meeting) 공지

안녕하십니까. 신종일 부장입니다.
본격적인 장마가 시작되는 7월 첫째 주(W27) TBM을 전파합니다.
이번 주도 아래 세 가지 핵심 수칙을 가슴에 새기고 안전하게 작업을 시작해 주십시오.

1. 하역장 및 윙바디 적재함 미끄러짐(전도) 사고 절대 주의
젖은 바닥과 철판 적재함은 빙판길과 같습니다. 반드시 미끄럼 방지 안전화를 단정히 착용해 주십시오.
윙바디 개폐 및 상하차 시 절대 뛰지 말고, 보폭을 줄여 천천히 이동해 주십시오.

2. 빗길 수배송 운행 시 감속 및 안전거리 확보
빗길 제동거리는 평소보다 30% 이상 길어집니다. 규정 속도보다 20% 이상 감속하시고, 앞차와의 안전거리는 평소의 2배 이상 넉넉히 확보해 주십시오.
대리점 진입 시 시야 확보가 어렵다면 무리하게 진입하지 마시고, 안전한 공간에서 하차를 진행해 주십시오.

3. 지게차 안전 기준 엄수 (10km/h & 1.5m)
센터 내 지게차 제한속도 10km/h를 반드시 지켜주십시오.
보행자 및 타 장비와 최소 1.5m 이상의 안전거리를 유지하고, 코너 진입 시에는 반드시 경적을 울려 내 위치를 알려야 합니다.

✅ [알림] 7월 정기 안전보건교육이 7/1일 안내될 예정입니다.
 '7월 정기 안전보건교육 영상'을 반드시 시청하시고, 구글 폼 이수 확인서를 꼭 제출해 주시기 바랍니다.

비가 오고 습한 날씨에 불쾌지수가 높아지기 쉽지만, 서로 배려하고 양보하며 안전하고
기분 좋게 W27 한 주를 시작해 봅시다. 오늘도 무사고 응원합니다!",신종일 부장,한진미 대리
2026-07-06,주간 정기 TBM,"[W28]
르노코리아그룹 함안부품센터 정기TBM (Tool Box Meeting) 공지

📢 하절기 온열질환 예방 및 지게차 기본 에티켓 준수

안녕하십니까. 신종일 부장입니다.
무더위와 국지성 호우가 교차하는 7월 둘째 주(W28) TBM을 전파합니다.

본격적인 폭염이 시작되면서 현장 체감온도가 크게 올라가고 있습니다.
사우님들의 건강과 안전이 최우선인 만큼, 이번 주도 아래 세 가지 핵심 수칙을 반드시
숙지하시고 작업에 임해 주시기를 당부드립니다.

1. 폭염 대비 온열질환 예방 수칙 준수 (물, 그늘, 휴식)

냉동실에 넉넉히 비치된 시원한 얼음물을 적극 활용하여 수분을 충분히 보충해 주십시오.
작업 중 어지러움이나 두통 등 온열질환 이상 증세가 느껴지면 즉시 작업을 멈추고 그늘에서 휴식을 취한 뒤, 관리자에게 알려주시기 바랍니다.

2. 공용 지게차 청결 유지 및 에티켓 준수

지급받으신 생수를 다 드신 후, 빈 페트병을 지게차 컵홀더나 하역장에 방치하지 마시고
반드시 본인이 직접 분리수거장에 폐기해 주십시오.

지게차는 교대로 사용하는 소중한 공용 장비입니다.
다음 근무자를 위해 내부 청결을 쾌적하게 유지해 주십시오.

3. 장마철 빗길 감속 운행 및 하역장 미끄러짐 주의

비가 오는 날에는 제동거리가 평소보다 길어지므로 20% 이상 감속하고 앞차와의
안전거리를 충분히 확보해 주십시오.
젖은 윙바디 철판과 하역장 바닥은 매우 미끄럽습니다.
상하차 시 절대 뛰지 말고 천천히 이동해 주십시오.

덥고 습한 날씨에 불쾌지수가 높아지기 쉽지만, 우리 사우님들 모두 서로를 배려하는 마음으로 안전하게 W28 한 주를 시작해 봅시다. 오늘도 무사 복귀를 응원합니다!",신종일 부장,한진미 대리
2026-07-13,주간 정기 TBM,"[W29]
르노코리아그룹 함안부품센터 정기TBM (Tool Box Meeting) 공지

📢 [W29 TBM] 하절기 폭염·폭우 대비 안전 운행 및 현장 기본 질서 확립

안녕하십니까. 신종일 부장입니다.
본격적인 장마와 무더위가 기승을 부리는 7월 셋째 주(W29) TBM을 전파합니다.

고온 다습한 날씨에 현장에서 땀 흘리시는 사우님들의 노고에 항상 감사드립니다.
이번 주는 날씨로 인한 안전사고 위험이 높은 만큼, 아래의 수칙들을 가슴에 새기고
안전하게 한 주를 시작해 주시기 바랍니다.

1. 장마철 하역장 미끄러짐 및 빗길 제동거리 주의

수시로 내리는 비로 인해 하역장 바닥과 윙바디 철판이 매우 미끄럽습니다.
상하차 작업 시 절대 뛰지 마시고, 미끄럼 방지 안전화를 단정히 착용해 주십시오.
빗길 운행 시 제동거리가 평소의 1.5배 이상 길어집니다.
규정 속도보다 20% 이상 감속하시고, 앞차와의 안전거리 및 브레이크 상태를 수시로 확인해 주십시오.

2. 폭염 특보 발령 시 온열질환 예방 철저

체감온도가 높은 무더위 시간대에는 무리한 작업을 피하고, 냉동실에 비치된 얼음물을 챙겨 수분을 수시로 보충해 주십시오.
작업 중 어지러움, 현기증 등이 발생하면 지체 없이 작업을 멈추고 그늘에서 휴식 후 관리자에게 즉시 알려주셔야 합니다.

3. 밀폐된 차량 내 에어컨 가동 시 졸음운전 주의

더위로 인해 창문을 모두 닫고 에어컨을 장시간 가동하면,
차량 내 이산화탄소 농도가 짙어져 심각한 졸음운전을 유발할 수 있습니다.

1시간 운행 후에는 반드시 창문을 열어 3분 이상 환기를 시켜주시고, 운행 중 피로감이 느껴지시면 절대 무리하지 마시고 졸음쉼터나 휴게소에서 짧게라도 휴식을 취해 주십시오.


덥고 습한 날씨로 인해 작은 일에도 예민해지기 쉬운 시기입니다. 하지만 우리 삼우F&G 사우님들 특유의 팀워크로 이번 W29 한 주도 기분 좋고 안전하게 이겨내 봅시다.
오늘도 무사 복귀를 응원합니다!",신종일 부장,한진미 대리
2026-07-20,주간 정기 TBM,"[W30]
르노코리아그룹 함안부품센터 정기TBM (Tool Box Meeting) 공지

안녕하십니까, 신종일 부장입니다.
무더위가 절정에 달하는 7월 넷째 주(W30) TBM을 전파합니다.

최근 센터 내 상하차 지연 문제와 폭염으로 인해 대기 시간이 길어지면서
우리 사우님들의 피로도가 그 어느 때보다 높을 것으로 생각됩니다.
힘든 상황 속에서도 묵묵히 안전 배송에 힘써주시는 사우님들께 깊은 감사의 말씀을 드리며, 이번 주도 아래 안전 수칙을 반드시 준수해 주시기를 당부드립니다.

1. 상하차 지연에 따른 조급한 운행 및 과속 절대 금지

센터 내 하역 지연으로 인해 배차 및 납품 스케줄이 촉박해지더라도, 도로나 빗길에서 무리하게 속도를 내거나 난폭 운전을 하는 것은 절대 금물입니다.
배송 시간보다 사우님들의 안전이 최우선입니다. 항상 규정 속도를 준수하고 여유로운 마음으로 안전 운행에 임해 주십시오.

2. 혹서기 차량 내 장시간 대기 시 온열질환 주의

대기 열에서 장시간 대기하실 때, 에어컨을 가동하더라도 틈틈이 창문을 열어 차량 내부를
환기해 주십시오.
체온 상승을 막기 위해 냉동실에 비치된 얼음물을 반드시 지참하시어 수분을 수시로
보충해 주시고, 이상 증세 발생 시 즉시 관리자에게 알려 주시기 바랍니다.

3. 여름철 노면 온도 상승에 따른 타이어 점검

한낮 뜨거운 아스팔트 위를 주행하면 타이어 내부 압력이 상승하여 펑크나
파열 사고의 위험이 급증합니다.
운행 전 반드시 타이어 공기압과 마모 상태를 확인하시고, 냉각수 상태도 함께
점검해 주십시오.

어려운 현장 여건 속에서도 서로 얼굴 붉히는 일 없이 배려하며 질서를 유지해 주셔서
항상 든든합니다.
이번 W30 한 주도 건강 잃지 마시고 무사 복귀하시기를 응원하겠습니다!",신종일 부장,한진미 대리
2026-07-27,주간 정기 TBM,"[W31]
르노코리아그룹 함안부품센터 정기TBM (Tool Box Meeting) 공지

안녕하십니까, 신종일 부장입니다.
불볕더위가 기승을 부리는 본격적인 혹서기, W31 TBM을 전파합니다.

체감온도가 35도를 오르내리는 극심한 폭염과 현장 상하차 지연으로 인해
우리 사우님들의 체력 소모가 매우 클 것으로 염려됩니다.
이번 주는 무엇보다 사우님들의 '건강'과 '차량의 안전'을 최우선으로 하여 아래 수칙을
반드시 지켜주시기 바랍니다.

1. 폭염 속 온열질환 예방 및 대기 시간 체력 비축

가만히 있어도 땀이 흐르는 날씨입니다. 하역장 작업 시 무리하지 마시고, 냉동실의 얼음물을 수시로 마셔 탈수를 예방해 주십시오.
현장 인력 문제로 대기 시간이 길어질 경우 조급해하기보다는, 이 시간을 체력을
비축하는 휴식 시간으로 생각하시고 에어컨이 가동되는 차 내에서 충분히 안정을
취해 주시기 바랍니다.

2. 하절기 엔진 과열(오버히트) 및 차량 화재 주의

뜨거운 노면을 장시간 주행하다 보면 차량 엔진이 과열되거나 타이어 펑크,
브레이크 파열 등의 사고가 발생하기 쉽습니다.
운행 전 계기판의 온도 게이지를 반드시 확인하시고, 냉각수 용량과 타이어 공기압을 철저히 점검하여 주십시오.

3. 휴가철 교통량 증가에 따른 방어 운전 철저

7월 말~8월 초는 여름휴가 차량이 고속도로와 국도에 몰리는 시기입니다.
평소보다 교통 흐름이 불규칙하고 졸음운전을 하는 일반 차량이 많을 수 있으니,
앞차와의 안전거리를 충분히 유지하고 각별히 방어 운전에 신경 써 주십시오.

연일 이어지는 폭염과 고된 현장 여건 속에서도 묵묵히 제 몫을 다해주시는 사우님들의 노고에 깊이 감사드립니다. 우리 삼우F&G 사우님들 모두 수분 섭취 잘하시고, 이번 주도 무사히 안전 운행하시기를 기원합니다!",신종일 부장,한진미 대리
2026-08-03,주간 정기 TBM,"[W32]
르노코리아그룹 함안부품센터 정기TBM (Tool Box Meeting) 공지

📢 [W32 주간 TBM] 윙바디 내부는 70도 찜질방! 하역 작업 전 '3분 환기' 필수

안녕하십니까. 신종일 부장입니다.

8월에 접어들며 숨이 턱턱 막히는 본격적인 가마솥더위가 이어지고 있습니다.
이번 주 TBM의 핵심 주제는 [여름철 윙바디 내부 밀폐공간 안전 수칙]입니다.

한여름 뙤약볕 아래 주차된 윙바디 화물칸 내부는 온도가 무려 60~70도 이상 치솟습니다.
이 상태에서 환기 없이 바로 들어가 결속(라싱)을 풀거나 하역 작업을 하시면 급성 탈수는
물론, 산소 부족으로 인한 어지럼증과 실신(온열질환) 위험이 매우 큽니다.
현장 대기 시간 때문에 마음이 급하시더라도, 기사님들의 생명과 직결된 문제이니
아래 수칙을 반드시 지켜주십시오.

📌 [윙바디 하역/결속 작업 시 필수 3원칙]

작업 전 3분 환기: 윙바디 날개를 개방한 후, 뜨거운 열기가 빠져나가도록
최소 3분 이상 대기한 뒤 진입하십시오.

밀폐공간 혼자 작업 금지: 화물칸 내부 깊숙한 곳에서 작업하실 때는 가급적 동료나 현장 작업자의 시야가 닿는 곳에서 진행하여 위급 상황에 대비하십시오.

어지럼증 발생 시 즉시 중단: 작업 중 조금이라도 메스껍거나 어지러움이 느껴지면 하던 일을 즉시 멈추고 바람이 통하는 그늘로 나와 수분을 섭취하십시오.
(무조건 쉬셔야 합니다!)

그 어떤 것도 우리의 건강과 안전보다 우선할 수는 없습니다.
내 몸은 내가 지킨다는 생각으로 무리한 작업은 절대 피해주시기 바라며,
이번 주도 무사고 안전 운행을 기원합니다. 감사합니다!",신종일 부장,한진미 대리
2026-08-10,주간 정기 TBM,"[W33]
르노코리아그룹 함안부품센터 정기TBM (Tool Box Meeting) 공지

📢 [W33 TBM] 주간 안전 보건 및 업무 전달 사항

안녕하십니까, 신종일 부장입니다.
연일 이어지는 찜통 같은 폭염과 뜨거운 바닥 지열 속에서도,
정시 배송을 위해 현장에서 구슬땀을 흘려주시는 기사님들(CSM)의 노고에
깊이 감사드립니다.

33주 차 주간 TBM 주요 전달 사항을 공지하오니,
현장 안전과 원활한 업무 진행을 위해 반드시 숙지해 주시기 바랍니다.

1. 🚜 지게차 충전 및 주·정차 안전 수칙 준수

지게차는 반드시 지정된 구역에 주·정차해 주시고, 통행로를 가로막거나 보행자 동선에
방해되지 않도록 주의 바랍니다.
충전 시에는 규정된 안전 수칙을 준수하여 화재 및 감전 등 안전사고를 철저히 예방해 주십시오.

2. 🚨 온열질환(열탈진) 각별히 주의

폭염 속 무리한 작업은 열탈진 및 열사병으로 이어질 수 있는 매우 위험한 상황입니다.
지급해 드린 얼음물과 넥쿨러를 적극 활용해 주시고, 작업 중 어지러움이나 메스꺼움이
느껴지면 즉시 작업을 멈추고 그늘로 이동하여 충분한 휴식을 취하시기 바랍니다.",신종일 부장,한진미 대리
2026-08-17,주간 정기 TBM,"[W34]
르노코리아그룹 함안부품센터 정기TBM (Tool Box Meeting) 공지

📢 [W34 TBM] 주간 안전 보건 및 업무 전달 사항

안녕하십니까, 신종일 부장입니다.
가만히 서 있기만 해도 땀이 비 오듯 쏟아지는 8월의 폭염 속에서도, 묵묵히 현장을 지키며 안전 배송에 힘써주시는 기사님들(CSM)의 노고에 깊은 감사와 존경의 마음을 전합니다.
W34(34주 차) 주간 TBM 주요 전달 사항을 공지하오니, 현장 안전과 원활한 업무 진행을 위해 반드시 숙지해 주시기 바랍니다.

1. 🚨 온열질환(열탈진, 열사병) 절대 주의

가장 더운 시간대(오후 2시~5시) 작업 시에는 각별한 주의가 필요합니다.
갈증이 나지 않더라도 규칙적으로 얼음물과 수분을 섭취해 주시고,
넥쿨러 등 지급된 보랭 장구를 반드시 착용해 주십시오.
어지러움, 두통, 근육 경련 등의 증상이 조금이라도 느껴지면 즉시 하던 일을 멈추고
그늘로 이동하여 휴식을 취하셔야 합니다.
(동료 기사님의 상태도 서로 체크해 주시면 감사하겠습니다.)

2. 🚜 지게차 안전 수칙 (사각지대 주의)

더위로 인해 집중력이 저하될 수 있는 시기입니다.
지게차 운행 시 과속을 절대 금하며, 특히 코너 및 사각지대에서는 반드시 일시 정지 후
주변 보행자를 확인해 주십시오.
지정된 구역 외 주·정차를 금지하여 원활한 통행로 확보에 협조해 주시기 바랍니다.",신종일 부장,한진미 대리
2026-08-24,주간 정기 TBM,"[W35]
르노코리아그룹 함안부품센터 정기TBM (Tool Box Meeting) 공지

📢 [W35 TBM] 주간 안전 보건 및 업무 전달 사항

안녕하십니까, 신종일 부장입니다. 8월의 끝자락임에도 여전히 무더위가 가시지 않는 가운데, 항상 안전 배송을 위해 현장에서 구슬땀을 흘려주시는 기사님들(CSM)의 노고에 깊이 감사드립니다.

W35(35주 차) 주간 TBM 주요 전달 사항을 공지하오니, 현장에서 가장 중요한 '기본 안전 수칙'을 다시 한번 되새기며 업무에 임해 주시기 바랍니다.

1. 🚜 지게차 안전 운행 및 사각지대 주의

사각지대 일시 정지: 지게차 운행 중 코너를 돌거나 시야가 확보되지 않는 사각지대에서는 반드시 일시 정지 후, 경적을 가볍게 울려 주변 보행자에게 위치를 알려주시기 바랍니다.
과속 절대 금지: 센터 내 규정 속도를 철저히 준수해 주시고, 보행자(작업자)가 우선임을 항상 명심해 주십시오.

2. 📦 중량물 취급 주의 및 근골격계 질환 예방

올바른 자세 유지: 무거운 부품 박스를 들어 올릴 때는 허리를 굽히지 말고, 무릎을 굽혀 하체의 힘을 이용하여 들어 올려 주십시오. 허리에 무리가 가지 않도록 밀착해서 운반하는 것이 중요합니다.
작업 전후 스트레칭: 굳어있는 근육을 풀어주기 위해 상하차 작업 전후로 가벼운 맨손 체조와 스트레칭을 생활화해 주시기 바랍니다.

3. 🚚 졸음운전 예방 및 방어 운전

여름철 피로가 누적되어 오후 시간대 졸음이 쏟아지기 쉽습니다. 운행 중 조금이라도 피로감이 느껴지면 무리하지 마시고, 졸음쉼터나 휴게소에서 짧게라도 반드시 휴식을 취해 주십시오.
빗길이나 낯선 대리점 주변 도로에서는 항상 앞차와의 안전거리를 넉넉히 유지하고 방어 운전을 실천해 주시기 바랍니다.

4. 💦 지속적인 수분 섭취 및 체온 관리

아직 한낮에는 기온이 높게 올라갑니다. 작업 중 갈증이 나지 않더라도 규칙적으로 물을 마셔주시고, 틈틈이 그늘이나 휴게실에서 열기를 식혀 주시기 바랍니다.",신종일 부장,한진미 대리
2026-08-31,주간 정기 TBM,"[W36]
르노코리아그룹 함안부품센터 정기TBM (Tool Box Meeting) 공지

안녕하십니까, 신종일 부장입니다.
W36 주간 TBM 주요 전달 사항을 공지하오니, 승무원 여러분께서는 반드시 숙지하시고
현장 작업 및 운행에 임해 주시기 바랍니다.

1. 막바지 무더위 및 우천 대비 건강(안전) 관리

아침저녁으로 선선해지고 있으나, 낮 시간대 상하차 작업 시에는 여전히
온열질환에 주의하셔야 합니다.
대기 시간 중에는 최근 새롭게 단장한 '승무원 전용 실내 휴게실'에서 충분히 수분을
섭취하고 휴식해 주십시오.
땀이나 국지성 호우로 젖은 안전화는 휴게실 내 비치된 '최신식 안전화 건조기'를 적극
활용하시어 쾌적한 상태로 운행하시기 바랍니다.

2. [중요★] 경기광주점 및 경기광주정비 상/하차 프로세스 변경 (비닐 사용)

최근 경기광주점과 경기광주정비 대리점 하차 시 부품이 섞인다는 클레임이 있었습니다.
이는 센터 출하장의 사전 분류 미흡과 연속 배차로 인한 겹침 상차가 원인으로 파악되었습니다. 기사님들의 억울한 오배송 책임을 방지하기 위해 금주부터 아래와 같이
[구획 분리용 비닐]을 시범 도입합니다.
상차 시: 지급해 드린 비닐을 두 화물 사이에 덮어 확실한 경계선(벽) 표시
사진 제보: 하차 시 집합박스 안에 애초부터 타 대리점 부품이 섞여 있는 것을 발견하면, 즉시 사진 촬영 후 제보 (센터 측 강력 클레임 및 기사님들 보호용 증빙 자료로 활용)

3. 출하 상/하차 시 수량 확인 및 결속 철저 (클레임 예방)

배송 지연이나 오배송(클레임) 제로화를 위해 현장에서 한 번 더 신경 써 주시기를
당부드립니다.
상차 전 대리점별 위치 및 제품 수량(MIP, BMPR 등)에 이상이 없는지
교차 확인해 주십시오.
특히 1차 하차 후 이동 시, 적재함 내 남은 제품이 흔들리거나 낙하하지 않도록
화물 결속을 철저히 확인한 후 출발해 주시기 바랍니다.

4. 센터 내 규정 속도 준수 및 지게차 안전 작업

협소한 센터 내 상하차 차량의 많다보니 공간이 많이 협소합니다.
외곽 공터 및 센터 내 진출입 시 무조건 서행해 주시고, 타 차량의 동선을 배려해 주십시오.
지게차 작업 및 상하차 중 스마트폰 사용은 중대 사고로 이어질 수 있으므로
절대 금지합니다.
여러분의 땀방울과 철저한 안전 수칙 준수 덕분에 우리 함안센터가 무사고로 든든하게
운영되고 있습니다. 늘 감사드리며, 이번 주도 무사고 안전 운행하십시오!",신종일 부장,한진미 대리
